Time Lapsed (s), Asteroids in Universe, Total Mass (kg), Average Mass (kg), Most Massive (kg), Average Radius (km), Largest Radius (km)
1,1,1,1,1,51.96152,51.96152
2,4,700.0681,175.017,309.971,128.3283,163.384
3,7,2379.97,339.9958,609.9708,161.598,204.7413
4,10,5049.805,504.9805,909.9708,185.0639,233.9439
5,14,8749.699,624.9785,1209.971,195.0586,257.2533
6,17,13429.66,789.98,1509.971,212.406,276.9654
7,20,19099.66,954.9831,1809.971,227.1644,294.2118
8,22,23199.73,1054.533,2109.971,230.9923,309.6432
9,25,30154.54,1206.182,2404.971,242.8762,323.4491
10,26,35539.59,1366.907,2709.969,253.7151,336.582
11,29,43929.63,1514.815,4469.939,258.1351,396.819
12,31,50969.69,1644.184,4769.94,266.4512,405.5052
13,33,59499.97,1803.029,5064.938,275.7326,413.6982
14,35,68224.91,1949.283,7409.992,278.1779,470.6619
15,36,75474.74,2096.521,9264.856,283.8201,505.9468
16,38,85759.87,2256.839,9564.854,292.8308,511.3496
17,41,96204.88,2346.46,9864.86,294.9667,516.6407
18,42,108124.9,2574.402,10149.86,310.2094,521.5684
19,42,120724.9,2874.401,10449.86,326.9297,526.6568
20,39,131614.9,3374.74,10749.86,346.8965,531.6486
21,35,139649.9,3989.996,11049.85,370.4377,536.5483
22,34,150019.9,4412.349,11349.86,383.1352,541.3602
23,34,160219.8,4712.348,11649.86,393.2556,546.088
24,33,170389.9,5163.33,11949.87,405.9088,550.7358
25,33,180289.9,5463.33,12249.87,414.8428,555.3073
26,32,190089.9,5940.308,12549.86,427.0782,559.8045
27,32,199689.9,6240.309,12849.86,435.1006,564.2305
28,31,209254.8,6750.156,15795.09,445.9437,603.4528
29,31,218554.9,7050.157,16095.09,453.2903,607.2498
30,31,227699.9,7345.157,16390.09,460.2569,610.9376
31,28,227694.8,8131.957,16690.09,476.7923,614.6427
32,28,236094.8,8431.957,16990.09,483.1779,618.3039
33,27,244419.9,9052.588,17290.1,495.6189,621.9222
34,26,252354.9,9705.956,22045.09,505.5187,675.833
35,25,253474.8,10138.99,22345.08,513.5432,678.8846
36,24,238329.7,9930.405,18190.1,512.2662,632.5325
37,23,245284.7,10664.55,25405.15,522.3495,708.9791
38,23,252184.7,10964.55,25705.16,527.6685,711.7587
39,21,244559.6,11645.7,26005.13,537.5783,714.5173
40,21,250859.6,11945.7,26305.14,542.6212,717.2546
41,21,257159.6,12245.7,26605.13,547.5612,719.971
42,21,263459.6,12545.7,26905.14,552.4039,722.6673
43,20,269539.6,13476.98,27864.93,564.7542,733.2142
44,20,275539.7,13776.98,28164.93,569.3168,735.8366
45,19,281354.7,14808.14,40204.97,579.7661,828.5235
46,19,287054.7,15108.14,40504.97,584.136,830.5793
47,19,292754.7,15408.14,40804.98,588.4337,832.625
48,19,298359.7,15703.14,41100,592.5923,834.6268
49,18,294354.8,16353.04,41400.01,601.2326,836.6528
50,17,299659.8,17627.05,41700.01,616.181,838.6689
51,17,304759.8,17927.05,42000.02,620.0419,840.6754
52,17,309859.8,18227.05,42300.01,623.8495,842.6726
53,17,314959.9,18527.05,42600.01,627.6058,844.6599
54,17,320059.9,18827.05,42900.01,631.3127,846.638
55,16,305719.9,19107.49,43200,634.1718,848.6073
56,16,310519.9,19407.49,43500,637.8035,850.5673
57,16,315319.8,19707.49,43800,641.3898,852.518
58,16,320120,20007.5,44100,644.9321,854.46
59,16,324920,20307.5,44400.01,648.4323,856.3931
60,16,329719.9,20607.5,44700,651.891,858.3178
61,16,334519.9,20907.49,44999.99,655.31,860.2336
62,16,339319.9,21207.49,45300,658.6901,862.1412
63,16,344120,21507.5,45600,662.033,864.0403
64,16,348920.1,21807.5,45899.98,665.3395,865.931
65,16,353640,22102.5,46194.99,668.5562,867.7823
66,16,358440.1,22402.5,46494.98,671.7934,869.6567
67,13,306460.1,23573.85,46794.99,682.4465,871.5232
68,12,291725,24310.42,47095,689.2564,873.3818
69,12,295325,24610.42,47395,692.3159,875.2323
70,12,298925.1,24910.42,47694.99,695.3456,877.0751
71,12,302525.1,25210.42,47994.98,698.3467,878.9105
72,12,306125.1,25510.42,48294.98,701.3196,880.7384
73,12,309725,25810.42,48594.96,704.2652,882.558
74,12,313325,26110.41,48894.95,707.1841,884.3701
75,12,316924.9,26410.41,49194.95,710.0771,886.1753
76,12,320525,26710.42,49494.98,712.9446,887.973
77,12,324124.9,27010.41,49794.97,715.7873,889.7639
78,12,327725,27310.42,50094.97,718.6052,891.5459
79,12,331325,27610.42,50394.96,721.4,893.3238
80,12,334925,27910.42,50694.96,724.1713,895.0916
81,12,338525,28210.42,50994.95,726.9199,896.8549
82,12,342065,28505.42,51289.93,729.6008,898.5803
83,12,345665.1,28805.42,51589.89,732.3059,900.3295
84,12,349265.2,29105.43,51889.89,734.9896,902.071
85,12,352865.1,29405.43,52189.91,737.6524,903.8066
86,11,335219.9,30474.54,52489.92,747.0671,905.5347
87,11,338519.9,30774.53,52789.91,749.6443,907.2572
88,11,341819.8,31074.53,53089.88,752.2025,908.9718
89,11,345119.8,31374.53,53389.86,754.7422,910.6818
90,11,348419.8,31674.52,53689.85,757.2637,912.3829
91,11,351719.8,31974.53,53989.84,759.7676,914.0804
92,11,355019.8,32274.53,54289.86,762.2542,915.7698
93,11,358319.8,32574.53,54589.88,764.7234,917.454
94,11,361619.7,32874.52,54889.85,767.1758,919.1314
95,11,364919.7,33174.52,55189.82,769.6119,920.803
96,11,368219.7,33474.52,55489.81,772.0315,922.4688
97,11,371519.6,33774.51,55789.82,774.435,924.1273
98,11,374819.6,34074.51,56089.79,776.8233,925.7822
99,10,341044.5,34104.45,56389.77,776.9159,927.4287
100,10,343994.5,34399.45,56684.73,779.254,929.0438
101,10,346994.5,34699.45,56984.74,781.6163,930.6802
102,10,349994.4,34999.45,57284.75,783.9636,932.3085
103,10,352994.5,35299.45,57584.77,786.2963,933.9351
104,10,355994.4,35599.45,57884.77,788.6144,935.5541
105,10,358994.4,35899.45,58184.76,790.9183,937.167
106,10,361994.4,36199.45,58484.77,793.2081,938.7759
107,10,364994.4,36499.45,58784.77,795.4839,940.3773
108,10,367994.5,36799.45,59084.77,797.7463,941.9747
109,10,370994.4,37099.45,59384.78,799.9952,943.5673
110,10,373994.4,37399.45,59684.78,802.2309,945.1517
111,10,376994.4,37699.45,59984.77,804.4535,946.7335
112,10,379709.4,37970.94,59999.78,806.5137,946.8125
113,9,348934.5,38770.5,59999.78,812.043,946.8125
114,9,351334.5,39037.16,59999.78,814.0393,946.8125
115,9,353734.4,39303.83,59999.78,816.0242,946.8125
116,9,356134.5,39570.5,59999.78,817.9977,946.8125
117,9,358494.4,39832.71,59999.78,819.9276,946.8125
118,9,360894.4,40099.38,59999.78,821.8791,946.8125
119,9,363294.4,40366.04,59999.78,823.8194,946.8125
120,9,365694.4,40632.71,59999.78,825.7495,946.8125
121,9,368094.4,40899.38,59999.78,827.6687,946.8125
122,9,370494.4,41166.04,59999.78,829.5778,946.8125
123,9,372894.3,41432.7,59999.78,831.4763,946.8125
124,9,375294.3,41699.36,59999.78,833.3648,946.8125
125,9,377694.3,41966.04,59999.78,835.2432,946.8125
126,9,380094.3,42232.7,59999.78,837.112,946.8125
127,9,382494.4,42499.38,59999.78,838.9706,946.8125
128,9,384894.4,42766.04,59999.78,840.8201,946.8125
129,9,387294.4,43032.71,59999.78,842.6595,946.8125
130,9,389694.4,43299.38,59999.78,844.4899,946.8125
131,9,392094.4,43566.04,59999.78,846.3111,946.8125
132,9,394494.4,43832.71,59999.78,848.1232,946.8125
133,9,396894.5,44099.39,59999.78,849.926,946.8125
134,9,399254.4,44361.6,59999.78,851.6906,946.8125
135,9,401654.4,44628.27,59999.78,853.4758,946.8125
136,9,404054.4,44894.93,59999.78,855.2526,946.8125
137,9,406454.4,45161.6,59999.78,857.0209,946.8125
138,9,408854.4,45428.27,59999.78,858.7805,946.8125
139,9,411254.4,45694.93,59999.78,860.5322,946.8125
140,9,413654.4,45961.6,59999.78,862.2751,946.8125
141,9,416054.3,46228.26,59999.78,864.0103,946.8125
142,9,418454.4,46494.94,59999.78,865.7371,946.8125
143,9,420854.5,46761.61,59999.78,867.4562,946.8125
144,9,423254.5,47028.27,59999.78,869.1673,946.8125
145,9,425654.4,47294.93,59999.78,870.8702,946.8125
146,9,428054.5,47561.61,59999.78,872.5662,946.8125
147,9,430454.5,47828.28,59999.78,874.254,946.8125
148,9,432854.5,48094.94,59999.78,875.9344,946.8125
149,9,435254.5,48361.61,59999.78,877.6076,946.8125
150,8,396594.5,49574.31,59999.78,884.8796,946.8125
151,8,398694.5,49836.81,59999.78,886.4921,946.8125
152,8,400759.5,50094.94,59999.78,888.0706,946.8125
153,8,402684.5,50335.56,59999.78,889.5549,946.8125
154,8,404484.5,50560.57,59999.78,890.9508,946.8125
155,8,406284.6,50785.57,59999.78,892.3407,946.8125
156,8,408084.5,51010.57,59999.78,893.725,946.8125
157,8,409884.5,51235.56,59999.78,895.1027,946.8125
158,8,411684.5,51460.57,59999.78,896.4755,946.8125
159,8,413484.5,51685.56,59999.78,897.8418,946.8125
160,8,415284.5,51910.56,59999.78,899.2028,946.8125
161,8,417084.4,52135.55,59999.78,900.5582,946.8125
162,8,418884.4,52360.55,59999.78,901.9078,946.8125
163,8,420684.4,52585.55,59999.78,903.2517,946.8125
164,8,422379.3,52797.41,59999.78,904.5217,946.9841
165,8,423879.3,52984.92,59999.78,905.6583,946.9841
166,8,425379.3,53172.42,59999.78,906.7902,946.9841
167,8,426879.3,53359.91,59999.78,907.9175,946.9841
168,8,428379.3,53547.41,59999.78,909.0399,946.9841
169,8,429854.3,53731.78,59999.78,910.1396,946.9841
170,8,431354.3,53919.29,59999.78,911.2532,946.9841
171,8,432854.3,54106.78,59999.78,912.3625,946.9841
172,8,434354.3,54294.28,59999.78,913.4672,946.9841
173,8,435854.2,54481.77,59999.78,914.5675,946.9841
174,8,437354.2,54669.27,59999.78,915.6637,946.9841
175,8,438854.2,54856.77,59999.78,916.7553,946.9841
176,8,440354.2,55044.27,59999.78,917.8429,946.9841
177,8,441854.1,55231.76,59999.78,918.9261,946.9841
178,8,443354,55419.25,59999.78,920.0053,946.9841
179,8,444854.1,55606.76,59999.78,921.0801,946.9841
180,7,386354.3,55193.47,59999.78,918.6283,946.9841
181,7,387854.3,55407.75,59999.78,919.8474,946.9841
182,7,389354.3,55622.04,59999.78,921.0621,946.9841
183,7,390854.3,55836.32,59999.78,922.2725,946.9841
184,7,392354.3,56050.61,59999.78,923.4778,946.9841
185,7,393649.2,56235.6,59999.78,924.526,946.9841
186,7,394849.2,56407.03,59999.78,925.4992,946.9841
187,7,396029.1,56575.58,59999.78,926.4522,946.9841
188,7,397229.1,56747.01,59999.78,927.4185,946.9841
189,7,398429.2,56918.45,59999.78,928.3809,946.9841
190,7,399484.1,57069.16,59999.78,929.231,946.9841
191,7,400384.1,57197.73,59999.78,929.962,946.9841
192,7,401284,57326.29,59999.78,930.6903,946.9841
193,7,402184,57454.86,59999.78,931.416,946.9841
194,7,403083.9,57583.42,59999.78,932.1386,946.9841
195,7,403984,57712,59999.78,932.8594,946.9841
196,7,404884,57840.57,59999.78,933.5765,946.9841
197,7,405783.9,57969.13,59999.78,934.2921,946.9841
198,7,406683.9,58097.7,59999.78,935.0045,946.9841
199,7,407583.8,58226.26,59999.78,935.7143,946.9841
200,6,348484,58080.67,59999.78,934.6616,945.1442
201,6,349384,58230.67,59999.78,935.4832,945.1442
202,6,350284,58380.66,59999.78,936.3032,945.1442
203,6,351183.9,58530.66,59999.78,937.1194,945.1442
204,6,352068.9,58678.15,59999.78,937.9194,945.1442
205,6,352968.9,58828.16,59999.78,938.7308,945.1442
206,6,353869,58978.16,59999.78,939.5383,945.1442
207,6,354768.9,59128.16,59999.78,940.3439,945.1442
208,6,355669,59278.17,59999.78,941.1465,945.1442
209,6,356568.9,59428.16,59999.78,941.9458,945.1442
210,6,357354,59559,59999.78,942.6425,945.9852
211,6,357904,59650.67,59999.78,943.1304,945.9852
212,6,358504,59750.67,59999.78,943.6609,945.9852
213,6,359104,59850.67,59999.78,944.1902,945.9852
214,6,359669,59944.83,59999.78,944.6865,945.9852
215,6,359969,59994.83,59999.78,944.95,946.3265
216,6,359994,59999,59999.78,944.9719,946.4581
217,6,359994,59999,59999.78,944.9719,946.4581
218,6,359994,59999,59999.78,944.9719,946.4581
219,6,359994,59999,59999.78,944.9719,946.4581
220,6,359994,59999,59999.78,944.9719,946.4581
221,6,359994,59999,59999.78,944.9719,946.4581
222,6,359994,59999,59999.78,944.9719,946.4581
223,6,359994,59999,59999.78,944.9719,946.4581
224,6,359994,59999,59999.78,944.9719,946.4581
225,6,359994,59999,59999.78,944.9719,946.4581
226,6,359994,59999,59999.78,944.9719,946.4581
227,6,359994,59999,59999.78,944.9719,946.4581
228,6,359994,59999,59999.78,944.9719,946.4581
229,6,359994,59999,59999.78,944.9719,946.4581
230,4,239994.5,59998.61,59999.78,945.1879,946.4581
231,4,239994.5,59998.61,59999.78,945.1879,946.4581
232,4,239994.5,59998.61,59999.78,945.1879,946.4581
233,4,239994.5,59998.61,59999.78,945.1879,946.4581
234,4,239994.5,59998.61,59999.78,945.1879,946.4581
235,4,239994.5,59998.61,59999.78,945.1879,946.4581
236,4,239994.5,59998.61,59999.78,945.1879,946.4581
237,4,239994.5,59998.61,59999.78,945.1879,946.4581
238,4,239994.5,59998.61,59999.78,945.1879,946.4581
239,4,239994.5,59998.61,59999.78,945.1879,946.4581
240,4,239994.5,59998.61,59999.78,945.1879,946.4581
241,4,239994.5,59998.61,59999.78,945.1879,946.4581
242,4,239994.5,59998.61,59999.78,945.1879,946.4581
243,4,239994.5,59998.61,59999.78,945.1879,946.4581
244,3,179994.7,59998.22,59999.78,944.7645,945.1442
245,3,179994.7,59998.22,59999.78,944.7645,945.1442
246,3,179994.7,59998.22,59999.78,944.7645,945.1442
247,3,179994.7,59998.22,59999.78,944.7645,945.1442
248,3,179994.7,59998.22,59999.78,944.7645,945.1442
249,3,179994.7,59998.22,59999.78,944.7645,945.1442
250,3,179994.7,59998.22,59999.78,944.7645,945.1442
251,3,179994.7,59998.22,59999.78,944.7645,945.1442
252,3,179994.7,59998.22,59999.78,944.7645,945.1442
253,3,179994.7,59998.22,59999.78,944.7645,945.1442
254,3,179994.7,59998.22,59999.78,944.7645,945.1442
255,3,179994.7,59998.22,59999.78,944.7645,945.1442
256,3,179994.7,59998.22,59999.78,944.7645,945.1442
257,3,179994.7,59998.22,59999.78,944.7645,945.1442
258,3,179994.7,59998.22,59999.78,944.7645,945.1442
259,3,179994.7,59998.22,59999.78,944.7645,945.1442
260,3,179994.7,59998.22,59999.78,944.7645,945.1442
261,3,179994.7,59998.22,59999.78,944.7645,945.1442
262,3,179994.7,59998.22,59999.78,944.7645,945.1442
263,3,179994.7,59998.22,59999.78,944.7645,945.1442
264,3,179994.7,59998.22,59999.78,944.7645,945.1442
265,3,179994.7,59998.22,59999.78,944.7645,945.1442
266,3,179994.7,59998.22,59999.78,944.7645,945.1442
267,3,179994.7,59998.22,59999.78,944.7645,945.1442
268,2,119999.6,59999.78,59999.78,945.076,945.1442
269,2,119999.6,59999.78,59999.78,945.076,945.1442
270,2,119999.6,59999.78,59999.78,945.076,945.1442
271,2,119999.6,59999.78,59999.78,945.076,945.1442
272,2,119999.6,59999.78,59999.78,945.076,945.1442
273,2,119999.6,59999.78,59999.78,945.076,945.1442
274,2,119999.6,59999.78,59999.78,945.076,945.1442
275,2,119999.6,59999.78,59999.78,945.076,945.1442
276,2,119999.6,59999.78,59999.78,945.076,945.1442
277,2,119999.6,59999.78,59999.78,945.076,945.1442
278,2,119999.6,59999.78,59999.78,945.076,945.1442
279,2,119999.6,59999.78,59999.78,945.076,945.1442
280,2,119999.6,59999.78,59999.78,945.076,945.1442
281,2,119999.6,59999.78,59999.78,945.076,945.1442
282,2,119999.6,59999.78,59999.78,945.076,945.1442
283,2,119999.6,59999.78,59999.78,945.076,945.1442
284,2,119999.6,59999.78,59999.78,945.076,945.1442
285,2,119999.6,59999.78,59999.78,945.076,945.1442
286,2,119999.6,59999.78,59999.78,945.076,945.1442
287,2,119999.6,59999.78,59999.78,945.076,945.1442
288,2,119999.6,59999.78,59999.78,945.076,945.1442
289,2,119999.6,59999.78,59999.78,945.076,945.1442
290,2,119999.6,59999.78,59999.78,945.076,945.1442
291,2,119999.6,59999.78,59999.78,945.076,945.1442
292,2,119999.6,59999.78,59999.78,945.076,945.1442
293,2,119999.6,59999.78,59999.78,945.076,945.1442
294,2,119999.6,59999.78,59999.78,945.076,945.1442
295,2,119999.6,59999.78,59999.78,945.076,945.1442
296,2,119999.6,59999.78,59999.78,945.076,945.1442
297,2,119999.6,59999.78,59999.78,945.076,945.1442
298,2,119999.6,59999.78,59999.78,945.076,945.1442
299,2,119999.6,59999.78,59999.78,945.076,945.1442
300,2,119999.6,59999.78,59999.78,945.076,945.1442
301,2,119999.6,59999.78,59999.78,945.076,945.1442
302,2,119999.6,59999.78,59999.78,945.076,945.1442
303,2,119999.6,59999.78,59999.78,945.076,945.1442
304,2,119999.6,59999.78,59999.78,945.076,945.1442
305,2,119999.6,59999.78,59999.78,945.076,945.1442
306,2,119999.6,59999.78,59999.78,945.076,945.1442
307,2,119999.6,59999.78,59999.78,945.076,945.1442
308,2,119999.6,59999.78,59999.78,945.076,945.1442
309,2,119999.6,59999.78,59999.78,945.076,945.1442
310,2,119999.6,59999.78,59999.78,945.076,945.1442
311,2,119999.6,59999.78,59999.78,945.076,945.1442
312,2,119999.6,59999.78,59999.78,945.076,945.1442
313,2,119999.6,59999.78,59999.78,945.076,945.1442
314,2,119999.6,59999.78,59999.78,945.076,945.1442
315,2,119999.6,59999.78,59999.78,945.076,945.1442
316,2,119999.6,59999.78,59999.78,945.076,945.1442
317,2,119999.6,59999.78,59999.78,945.076,945.1442
318,2,119999.6,59999.78,59999.78,945.076,945.1442
319,2,119999.6,59999.78,59999.78,945.076,945.1442
320,2,119999.6,59999.78,59999.78,945.076,945.1442
321,2,119999.6,59999.78,59999.78,945.076,945.1442
322,2,119999.6,59999.78,59999.78,945.076,945.1442
323,2,119999.6,59999.78,59999.78,945.076,945.1442
324,2,119999.6,59999.78,59999.78,945.076,945.1442
325,2,119999.6,59999.78,59999.78,945.076,945.1442
326,2,119999.6,59999.78,59999.78,945.076,945.1442
327,2,119999.6,59999.78,59999.78,945.076,945.1442
328,2,119999.6,59999.78,59999.78,945.076,945.1442
329,2,119999.6,59999.78,59999.78,945.076,945.1442
330,2,119999.6,59999.78,59999.78,945.076,945.1442
331,2,119999.6,59999.78,59999.78,945.076,945.1442
332,2,119999.6,59999.78,59999.78,945.076,945.1442
333,2,119999.6,59999.78,59999.78,945.076,945.1442
334,2,119999.6,59999.78,59999.78,945.076,945.1442
335,2,119999.6,59999.78,59999.78,945.076,945.1442
336,1,59999.78,59999.78,59999.78,945.1442,945.1442
337,3,60289.73,20096.58,59999.78,398.6378,945.1442
338,7,61590,8798.571,59999.78,260.8248,945.1442
339,10,63870.08,6387.008,59999.78,251.1915,945.1442
340,13,67140.05,5164.619,59999.78,252.4974,945.1442
341,17,71360.01,4197.647,59999.78,246.582,945.1442
342,20,76635.01,3831.75,59999.78,255.6492,945.1442
343,23,82905.05,3604.568,59999.78,264.3124,945.1442
344,27,90204.95,3340.924,59999.78,265.6515,945.1442
345,30,98484.98,3282.833,59999.78,274.7138,945.1442
346,30,104670,3488.999,59999.78,291.8035,945.1442
347,29,112339.9,3873.789,59999.78,313.3786,945.1442
348,28,117524.9,4197.316,59999.78,328.562,945.1442
349,28,125624.9,4486.602,59999.78,342.9532,945.1442
350,28,133724.8,4775.887,59999.78,355.9778,945.1442
351,27,141814.8,5252.401,59999.78,371.768,945.1442
352,27,149614.8,5541.29,59999.78,382.7543,945.1442
353,26,152789.8,5876.53,59999.78,392.7191,945.1442
354,26,160289.8,6164.992,59999.78,402.4617,945.1442
355,25,162204.8,6488.191,59999.78,411.0273,945.1442
356,25,169404.8,6776.191,59999.78,419.8524,945.1442
357,25,176604.8,7064.19,59999.78,428.2739,945.1442
358,24,179024.8,7459.365,59999.78,437.5916,945.1442
359,24,185809.7,7742.072,59999.78,445.181,945.1442
360,23,192664.7,8376.727,59999.78,458.0368,945.1442
361,23,199264.7,8663.684,59999.78,465.0971,945.1442
362,21,192839.7,9182.843,59999.78,474.019,945.1442
363,21,198839.7,9468.558,59999.78,480.6057,945.1442
364,20,191324.6,9566.231,59999.78,482.6859,945.1442
365,19,189884.6,9993.928,59999.78,490.261,945.1442
366,18,188469.7,10470.54,59999.78,498.48,945.1442
367,18,193569.8,10753.88,59999.78,504.3835,945.1442
368,18,198669.8,11037.21,59999.78,510.1341,945.1442
369,18,203769.8,11320.54,59999.78,515.7418,945.1442
370,18,208869.7,11603.87,59999.78,521.2147,945.1442
371,18,213969.7,11887.21,59999.78,526.5611,945.1442
372,17,209739.8,12337.64,59999.78,533.1044,945.1442
373,16,205354.9,12834.68,59999.78,540.2128,945.1442
374,15,199474.9,13298.33,59999.78,546.3318,945.1442
375,15,203674.9,13578.33,59999.78,551.181,945.1442
376,15,207874.9,13858.33,59999.78,555.9344,945.1442
377,15,212004.9,14133.66,59999.78,560.5201,945.1442
378,14,203909.9,14564.99,59999.78,565.8087,945.1442
379,14,207809.9,14843.56,59999.78,570.3042,945.1442
380,14,211709.9,15122.14,59999.78,574.7201,945.1442
381,13,199924.8,15378.83,59999.78,577.3105,945.1442
382,13,203524.8,15655.75,59999.78,581.6122,945.1442
383,12,194139.8,16178.31,59999.78,587.4279,945.1442
384,12,197439.8,16453.31,59999.78,591.5749,945.1442
385,12,200739.8,16728.31,59999.78,595.656,945.1442
386,12,204039.8,17003.31,59999.78,599.6735,945.1442
387,12,207339.8,17278.31,59999.78,603.6299,945.1442
388,12,210639.8,17553.32,59999.78,607.5272,945.1442
389,12,213939.9,17828.32,59999.78,611.3679,945.1442
390,12,217239.9,18103.32,59999.78,615.1537,945.1442
391,12,220539.9,18378.32,59999.78,618.8868,945.1442
392,12,223839.9,18653.33,59999.78,622.5689,945.1442
393,12,227140,18928.33,59999.78,626.2017,945.1442
394,12,230385.1,19198.76,59999.78,629.7274,945.1442
395,12,233685,19473.75,59999.78,633.267,945.1442
396,12,236875.1,19739.59,59999.78,636.6463,945.1442
397,12,240175.1,20014.59,59999.78,640.0992,945.1442
398,12,243475.2,20289.6,59999.78,643.5102,945.1442
399,12,246775.1,20564.59,59999.78,646.8804,945.1442
400,12,250075.1,20839.59,59999.78,650.211,945.1442
401,12,253375.2,21114.6,59999.78,653.5031,945.1442
402,12,256675.2,21389.6,59999.78,656.7578,945.1442
403,12,259975.2,21664.6,59999.78,659.9765,945.1442
404,12,263275.2,21939.6,59999.78,663.1596,945.1442
405,12,266575.2,22214.6,59999.78,666.3083,945.1442
406,12,269875.2,22489.6,59999.78,669.4238,945.1442
407,12,273175.3,22764.61,59999.78,672.5066,945.1442
408,12,276475.3,23039.61,59999.78,675.5578,945.1442
409,12,279775.3,23314.61,59999.78,678.5781,945.1442
410,12,283075.3,23589.61,59999.78,681.5681,945.1442
411,12,286375.4,23864.62,59999.78,684.5285,945.1442
412,12,289620.5,24135.04,59999.78,687.4116,945.1442
413,11,272480.4,24770.95,59999.78,693.2979,945.1442
414,11,275480.5,25043.68,59999.78,696.1454,945.1442
415,11,278480.4,25316.4,59999.78,698.9665,945.1442
416,11,281480.4,25589.13,59999.78,701.7619,945.1442
417,11,284480.4,25861.86,59999.78,704.5322,945.1442
418,11,287480.4,26134.59,59999.78,707.2777,945.1442
419,11,290480.4,26407.31,59999.78,709.9991,945.1442
420,10,270310.3,27031.03,59999.78,715.4161,945.1442
421,10,273010.3,27301.03,59999.78,718.064,945.1442
422,10,275710.2,27571.02,59999.78,720.6896,945.1442
423,9,253715.1,28190.57,59999.78,725.7805,945.1442
424,9,256115.1,28457.23,59999.78,728.3355,945.1442
425,9,258515,28723.89,59999.78,730.87,945.1442
426,9,260915,28990.55,59999.78,733.3837,945.1442
427,9,263315,29257.22,59999.78,735.8777,945.1442
428,9,265714.8,29523.87,59999.78,738.3519,945.1442
429,9,268074.7,29786.08,59999.78,740.7662,945.1442
430,9,270474.6,30052.74,59999.78,743.2029,945.1442
431,9,272874.6,30319.4,59999.78,745.6208,945.1442
432,9,275274.6,30586.07,59999.78,748.0209,945.1442
433,9,277674.6,30852.73,59999.78,750.4031,945.1442
434,9,280074.6,31119.4,59999.78,752.7678,945.1442
435,9,282474.5,31386.05,59999.78,755.1153,945.1442
436,9,284874.5,31652.73,59999.78,757.4461,945.1442
437,9,287274.5,31919.38,59999.78,759.7603,945.1442
438,9,289674.5,32186.05,59999.78,762.0582,945.1442
439,9,292074.5,32452.72,59999.78,764.3401,945.1442
440,9,294474.4,32719.38,59999.78,766.6064,945.1442
441,9,296874.4,32986.04,59999.78,768.8572,945.1442
442,9,299274.3,33252.7,59999.78,771.0929,945.1442
443,9,301674.4,33519.38,59999.78,773.3135,945.1442
444,9,304074.3,33786.04,59999.78,775.5195,945.1442
445,8,276259.3,34532.41,59999.78,780.9915,945.1442
446,8,278324.3,34790.54,59999.78,783.0956,945.1442
447,8,280424.3,35053.04,59999.78,785.2219,945.1442
448,8,282524.3,35315.53,59999.78,787.3347,945.1442
449,8,284624.2,35578.03,59999.78,789.4342,945.1442
450,8,286724.2,35840.52,59999.78,791.5207,945.1442
451,8,288824.2,36103.02,59999.78,793.5944,945.1442
452,7,258884.3,36983.46,59999.78,799.6603,945.1442
453,7,260684.2,37240.61,59999.78,801.6603,945.1442
454,7,262484.2,37497.75,59999.78,803.6481,945.1442
455,6,204284.4,34047.41,35004.88,782.3713,789.944
456,6,206084.4,34347.41,35304.88,784.6631,792.1943
457,6,207884.4,34647.41,35604.9,786.9419,794.432
458,6,209684.5,34947.41,35904.9,789.2076,796.6572
459,6,211484.5,35247.41,36204.91,791.4601,798.8699
460,6,213284.5,35547.42,36504.91,793.7,801.0704
461,6,215084.5,35847.42,36804.9,795.9275,803.259
462,5,181484.6,36296.91,37104.91,799.3549,805.4358
463,5,182959.6,36591.91,37399.91,801.5154,807.5646
464,5,184459.6,36891.92,37699.9,803.7007,809.7181
465,5,185959.6,37191.92,37999.91,805.874,811.8605
466,5,187459.6,37491.92,38299.91,808.0358,813.9915
467,5,188959.6,37791.93,38599.92,810.1859,816.1115
468,5,190459.6,38091.93,38899.92,812.3248,818.2204
469,5,191959.7,38391.93,39199.93,814.4526,820.3184
470,5,193459.6,38691.93,39499.93,816.569,822.4056
471,5,194959.7,38991.93,39799.94,818.6747,824.4827
472,5,196459.6,39291.93,40099.94,820.7697,826.5491
473,5,197959.7,39591.94,40399.94,822.8539,828.6052
474,5,199459.7,39891.95,40699.94,824.9276,830.6514
475,5,200959.8,40191.95,40999.96,826.991,832.6874
476,5,202459.8,40491.96,41299.98,829.0441,834.7139
477,5,203959.8,40791.97,41599.98,831.0871,836.73
478,5,205459.9,41091.97,41899.98,833.1201,838.7368
479,5,206959.9,41391.98,42199.99,835.1432,840.7338
480,5,208459.9,41691.98,42499.99,837.1566,842.7214
481,5,209934.9,41986.99,42794.99,839.1271,844.6671
482,5,211435,42286.99,43094.99,841.1214,846.6362
483,5,212935,42586.99,43394.99,843.1061,848.5963
484,5,214435,42886.99,43694.99,845.0818,850.5474
485,5,215935,43186.99,43994.99,847.0485,852.4895
486,5,217435,43486.99,44294.99,849.0057,854.4232
487,5,218935,43786.99,44594.98,850.954,856.3477
488,5,220434.9,44086.99,44894.97,852.8934,858.2639
489,5,221935,44386.99,45194.97,854.8241,860.1711
490,5,223434.9,44686.98,45494.98,856.746,862.0704
491,5,224934.9,44986.98,45794.98,858.6595,863.9611
492,5,226434.9,45286.98,46094.98,860.5641,865.8435
493,5,227934.9,45586.98,46394.98,862.4608,867.7181
494,5,229434.9,45886.98,46694.98,864.3488,869.5844
495,5,230934.9,46186.98,46994.98,866.229,871.4429
496,5,232434.9,46486.98,47294.98,868.1009,873.2935
497,5,233934.9,46786.98,47594.98,869.9645,875.1358
498,5,235409.9,47081.98,47889.98,871.7894,876.9399
499,5,236359.9,47271.98,48079.98,872.9611,878.0985
500,5,237859.9,47571.98,48379.97,874.8041,879.9208
501,5,239359.8,47871.97,48679.95,876.6396,881.7361
502,5,240859.8,48171.97,48979.95,878.4675,883.5443
503,5,242359.8,48471.97,49279.96,880.2877,885.3442
504,5,243859.9,48771.98,49579.97,882.1004,887.1371
505,5,245359.9,49071.98,49879.98,883.9056,888.9224
506,5,246859.9,49371.98,50179.96,885.7036,890.7015
507,5,248359.8,49671.96,50479.96,887.4941,892.4728
508,5,249834.8,49966.96,50774.95,889.2479,894.208
509,5,251334.8,50266.95,51074.94,891.0244,895.9659
510,4,202089.8,50522.45,51374.93,892.5482,897.7162
511,4,203289.7,50822.43,51674.89,894.312,899.4612
512,4,204489.7,51122.43,51974.89,896.0682,901.1975
513,4,205689.7,51422.43,52274.92,897.8186,902.9295
514,4,206889.8,51722.44,52574.93,899.5608,904.6525
515,4,208069.7,52017.41,52869.89,901.2688,906.3422
516,4,209249.6,52312.39,53164.87,902.9691,908.024
517,2,105494.8,52747.38,53464.87,906.4139,909.7294
518,2,106094.8,53047.38,53764.84,908.1287,911.4275
519,2,106694.8,53347.38,54064.84,909.8383,913.1194
520,2,107294.8,53647.39,54364.88,911.5405,914.8058
521,2,107894.7,53947.36,54664.85,913.2367,916.4843
522,2,108494.7,54247.36,54964.85,914.9271,918.1595
523,2,109094.7,54547.34,55264.83,916.6104,919.8254
524,2,109694.7,54847.33,55564.82,918.2888,921.4885
525,2,110294.7,55147.34,55864.82,919.9597,923.1436
526,2,110894.6,55447.32,56164.79,921.6254,924.7924
527,3,55199.99,18400,55029.85,374.7845,920.1316
528,6,56580.06,9430.01,55329.82,275.5153,921.8024
529,9,58950.13,6550.014,55629.82,256.8707,923.4645
530,13,62350.22,4796.171,55929.8,241.8788,925.1221
531,15,65490.28,4366.019,56229.8,248.3772,926.7736
532,18,70475.34,3915.297,56524.75,255.2246,928.3907
533,22,76575.31,3480.696,56824.74,255.1006,930.0314
534,25,83655.26,3346.21,57124.74,264.4902,931.6641
535,28,91725.28,3275.903,57424.75,273.2933,933.2932
536,31,98810.27,3187.428,57724.76,274.4903,934.9155
537,28,104845.3,3744.474,58024.77,304.6282,936.5303
538,28,113245.3,4044.474,58324.78,322.205,938.1437
539,28,121645.3,4344.474,58624.77,337.4239,939.7496
540,26,126995.2,4884.431,58924.77,355.5036,941.3488
541,26,134795.2,5184.431,59224.76,367.7885,942.945
542,26,142595.2,5484.432,59524.77,379.1458,944.5338
543,26,150395.2,5784.431,59824.77,389.7459,946.1176
544,26,158070.2,6079.624,59999.78,399.6865,947.04
545,26,165570.2,6368.086,59999.78,409.0498,947.04
546,26,173070.3,6656.549,59999.78,417.9429,947.04
547,26,180570.2,6945.009,59999.78,426.4231,947.04
548,26,188070.3,7233.471,59999.78,434.5367,947.04
549,26,195570.3,7521.933,59999.78,442.3221,947.04
550,25,196555.2,7862.208,59999.78,449.7893,947.04
551,24,197155.3,8214.804,59999.78,457.1624,947.04
552,23,198770.3,8642.188,59999.78,466.0545,947.04
553,23,205370.3,8929.142,59999.78,472.781,947.04
554,22,204830.3,9310.468,59999.78,479.9783,947.04
555,22,211130.3,9596.83,59999.78,486.3017,947.04
556,22,217430.3,9883.194,59999.78,492.4467,947.04
557,21,217125.3,10339.3,59999.78,500.6089,947.04
558,21,223125.2,10625.01,59999.78,506.3883,947.04
559,21,229125.2,10910.73,59999.78,512.0246,947.04
560,21,235125.2,11196.44,59999.78,517.5264,947.04
561,20,240970.2,12048.51,59999.78,530.7902,947.04
562,20,246670.2,12333.51,59999.78,535.9188,947.04
563,19,243335.2,12807.12,59999.78,542.9776,947.04
564,19,248735.2,13091.33,59999.78,547.8655,947.04
565,19,254135.2,13375.53,59999.78,552.6573,947.04
566,19,259535.2,13659.75,59999.78,557.3577,947.04
567,19,264845.2,13939.22,59999.78,561.8947,947.04
568,19,270245.2,14223.43,59999.78,566.4262,947.04
569,19,275645.1,14507.64,59999.78,570.8784,947.04
570,18,269375.2,14965.29,59999.78,576.8,947.04
571,18,274475.2,15248.62,59999.78,581.084,947.04
572,18,279575.2,15531.96,59999.78,585.2985,947.04
573,16,270790.2,16924.38,59999.78,600.6931,947.04
574,15,261435.2,17429.01,59999.78,606.2708,947.04
575,15,265635.3,17709.02,59999.78,610.1668,947.04
576,15,269835.2,17989.01,59999.78,614.006,947.04
577,15,274035.2,18269.01,59999.78,617.7906,947.04
578,14,264260.2,18875.72,59999.78,624.5228,947.04
579,13,245605.1,18892.7,59999.78,624.0748,947.04
580,10,175040.3,17504.03,29750.01,619.0128,745.1631
581,10,178040.4,17804.04,30050.01,622.736,747.6598
582,10,181040.4,18104.04,30350.02,626.4124,750.1397
583,10,184040.4,18404.04,30650.01,630.0436,752.6032
584,10,187040.4,18704.04,30950.01,633.631,755.051
585,10,189990.5,18999.05,31245.01,637.1173,757.4423
586,10,192990.4,19299.04,31545.01,640.6218,759.859
587,10,195990.5,19599.05,31845,644.0863,762.2603
588,10,198990.5,19899.05,32144.99,647.5119,764.6465
589,10,201990.5,20199.05,32444.99,650.9,767.0181
590,10,204990.5,20499.05,32744.98,654.2513,769.375
591,9,176085.4,19565.05,33044.98,645.8303,771.7177
592,9,178785.4,19865.05,33344.98,649.2109,774.0461
593,9,181485.5,20165.05,33644.98,652.5558,776.3606
594,9,184185.5,20465.05,33944.98,655.8656,778.6613
595,9,186885.5,20765.05,34244.98,659.1413,780.9487
596,9,189585.5,21065.05,34544.99,662.384,783.2225
597,9,192285.5,21365.06,34844.99,665.5944,785.4834
598,9,194985.6,21665.06,35144.98,668.7734,787.7311
599,9,197685.6,21965.06,35444.99,671.9218,789.9666
600,9,200385.6,22265.07,35745,675.04,792.1888
601,9,203040.6,22560.07,36040,678.0777,794.3622
602,9,205740.7,22860.08,36340,681.1385,796.5604
603,9,208440.7,23160.08,36640,684.1716,798.7466
604,9,211140.8,23460.08,36940,687.1772,800.9208
605,8,189740.6,23717.57,37240.01,689.5449,803.0833
606,8,192140.6,24017.57,37540,692.5078,805.2339
607,8,194540.6,24317.57,37840.01,695.4449,807.3735
608,8,196940.5,24617.57,38140,698.3568,809.5016
609,8,199340.6,24917.57,38440.04,701.2442,811.6184
610,8,201740.6,25217.57,38740.02,704.1075,813.7242
611,8,204140.5,25517.57,39040.02,706.9471,815.8195
612,8,206540.5,25817.56,39340.02,709.7634,817.9041
613,8,208940.5,26117.56,39640.02,712.5571,819.978
614,8,211340.4,26417.55,39940.02,715.3289,822.0414
615,8,213740.4,26717.55,40240.02,718.0786,824.0948
616,8,216140.4,27017.55,40540.03,720.8069,826.1375
617,8,218540.3,27317.54,40840.03,723.5146,828.1705
618,8,220940.3,27617.54,41140.04,726.2014,830.1934
619,8,223300.2,27912.52,41435.05,728.8241,832.1732
620,8,225700.1,28212.52,41735.04,731.4714,834.1768
621,8,228100.1,28512.52,42035.05,734.0995,836.171
622,8,230500.1,28812.51,42335.05,736.7084,838.1553
623,7,206065,29437.86,42635.05,741.744,840.1305
624,7,208165,29737.86,42935.05,744.3002,842.0968
625,7,210265,30037.86,43235.04,746.8389,844.0536
626,7,212365,30337.85,43535.05,749.3599,846.0012
627,7,214464.9,30637.85,43835.04,751.8638,847.9402
628,7,216564.9,30937.85,44135.04,754.351,849.8702
629,6,188954.9,31492.49,44435.05,758.4979,851.7916
630,6,190754.9,31792.48,44735.04,760.9436,853.7043
631,6,192554.8,32092.47,45035.03,763.3731,855.6086
632,6,194354.9,32392.48,45335.04,765.7871,857.504
633,6,196154.8,32692.47,45635.05,768.1856,859.3916
634,6,197954.8,32992.46,45935.02,770.5687,861.2704
635,6,199754.8,33292.46,46235.03,772.9372,863.1417
636,5,171154.8,34230.96,46530.04,780.1202,864.9738
637,5,172654.8,34530.97,46830.04,782.4346,866.8286
638,5,174154.8,34830.96,47130.03,784.7352,868.6758
639,5,175654.8,35130.96,47430.04,787.0217,870.5149
640,5,177154.8,35430.96,47730.04,789.2949,872.3462
641,5,178654.8,35730.96,48030.06,791.5548,874.1703
642,5,180154.8,36030.96,48330.05,793.8018,875.9869
643,5,181654.8,36330.96,48630.05,796.0358,877.796
644,5,183154.8,36630.96,48930.03,798.257,879.5969
645,5,184654.8,36930.96,49230.04,800.4655,881.3907
646,5,186154.8,37230.96,49530.04,802.662,883.1779
647,5,187654.8,37530.96,49830.04,804.8461,884.9578
648,5,189154.8,37830.96,50130.04,807.0181,886.73
649,5,190654.8,38130.96,50430.03,809.1782,888.4942
650,5,192154.8,38430.96,50730.04,811.327,890.254
651,4,158064.8,39516.21,51030.04,818.6133,892.0043
652,4,159264.9,39816.22,51330.05,820.7153,893.7501
653,4,160464.9,40116.22,51630.04,822.8057,895.4871
654,4,161644.9,40411.22,51925.05,824.8514,897.1902
655,4,162844.9,40711.22,52225.05,826.9207,898.9142
656,4,164044.9,41011.23,52525.05,828.9797,900.6328
657,4,165244.9,41311.23,52825.07,831.0281,902.3436
658,4,166444.9,41611.23,53125.06,833.0666,904.0493
659,4,167644.9,41911.23,53425.04,835.0945,905.7469
660,4,168844.9,42211.22,53725.02,837.113,907.4402
661,4,170044.9,42511.22,54025,839.121,909.1246
662,4,171244.9,42811.23,54325.01,841.1201,910.8063
663,4,172444.9,43111.23,54625.02,843.1087,912.4784
664,3,132905,44301.65,54925.04,850.5791,914.1474
665,3,133805,44601.67,55225.08,852.5293,915.8081
666,3,134705,44901.67,55525.08,854.4705,917.4633
667,3,135605,45201.67,55825.08,856.4031,919.1138
668,3,136505,45501.68,56125.09,858.3259,920.7552
669,3,137405,45801.68,56425.09,860.2409,922.3947
670,3,138305.1,46101.69,56725.11,862.1468,924.0261
671,3,139190.1,46396.71,57020.14,864.0125,925.625
672,3,140090.2,46696.72,57320.16,865.9019,927.246
673,3,140990.2,46996.72,57620.15,867.782,928.8595
674,3,141890.2,47296.72,57920.14,869.655,930.4708
675,3,142790.2,47596.72,58220.15,871.519,932.0738
676,3,143690.2,47896.72,58520.13,873.3748,933.6711
677,3,144590.1,48196.7,58820.11,875.2231,935.2654
678,3,145490.1,48496.71,59120.13,877.0632,936.8522
679,3,146390.1,48796.69,59420.07,878.8955,938.4341
680,3,147290.1,49096.69,59720.07,880.72,940.0115
681,3,148165.1,49388.38,59995.11,882.4929,941.451
682,3,148765.1,49588.37,59995.11,883.7798,941.451
683,3,149365.1,49788.37,59995.11,885.0613,941.451
684,3,149965.1,49988.36,59995.11,886.3369,941.451
685,3,150565.1,50188.36,59995.11,887.6069,941.451
686,3,151165.1,50388.36,59995.11,888.8713,941.451
687,3,151765.1,50588.36,59995.11,890.1299,941.451
688,3,152365.1,50788.36,59995.11,891.3835,941.451
689,3,152955.1,50985.03,59995.11,892.6107,941.451
690,3,153555.1,51185.03,59995.11,893.8533,941.451
691,3,154155.1,51385.03,59995.11,895.0908,941.451
692,3,154755.1,51585.03,59995.11,896.3229,941.451
693,3,155355.1,51785.03,59995.11,897.5497,941.451
694,3,155955.1,51985.02,59995.11,898.7714,941.451
695,3,156555,52185.02,59995.11,899.9881,941.451
696,3,157155,52385.01,59995.11,901.2,941.451
697,3,157755,52585.01,59995.11,902.4067,941.451
698,3,158355,52785.01,59995.11,903.6081,941.451
699,3,158955,52985.01,59995.11,904.8054,941.451
